{"Logistic Regression": {"Accuracy": 54.06999999999999, "Precision": 36.65, "Recall": 29.110000000000003, "F1 Score": 27.060000000000002}, "Decision Tree": {"Accuracy": 48.15, "Precision": 32.879999999999995, "Recall": 31.540000000000003, "F1 Score": 31.22}, "Random Forest": {"Accuracy": 50.370000000000005, "Precision": 38.34, "Recall": 27.54, "F1 Score": 26.369999999999997}, "Naive Bayes": {"Accuracy": 56.3, "Precision": 39.97, "Recall": 36.0, "F1 Score": 36.33}, "KNN": {"Accuracy": 55.559999999999995, "Precision": 34.86, "Recall": 33.589999999999996, "F1 Score": 32.75}, "Linear SVM": {"Accuracy": 44.440000000000005, "Precision": 8.89, "Recall": 20.0, "F1 Score": 12.31}, "Kernel SVM": {"Accuracy": 44.440000000000005, "Precision": 8.89, "Recall": 20.0, "F1 Score": 12.31}}