{"Logistic Regression": {"Accuracy": 38.379999999999995, "Precision": 38.379999999999995, "Recall": 38.379999999999995, "F1 Score": 38.379999999999995}, "Decision Tree": {"Accuracy": 32.32, "Precision": 32.32, "Recall": 32.32, "F1 Score": 32.32}, "Random Forest": {"Accuracy": 39.39, "Precision": 39.39, "Recall": 39.39, "F1 Score": 39.39}, "Naive Bayes": {"Accuracy": 50.51, "Precision": 50.51, "Recall": 50.51, "F1 Score": 50.51}, "KNN": {"Accuracy": 37.37, "Precision": 37.37, "Recall": 37.37, "F1 Score": 37.37}, "Linear SVM": {"Accuracy": 31.31, "Precision": 31.31, "Recall": 31.31, "F1 Score": 31.31}, "Kernel SVM": {"Accuracy": 31.31, "Precision": 31.31, "Recall": 31.31, "F1 Score": 31.31}}