{"Logistic Regression": {"Accuracy": 50.46000000000001, "Precision": 40.949999999999996, "Recall": 24.240000000000002, "F1 Score": 20.69}, "Decision Tree": {"Accuracy": 49.54, "Precision": 40.23, "Recall": 33.58, "F1 Score": 35.13}, "Random Forest": {"Accuracy": 52.75, "Precision": 62.839999999999996, "Recall": 26.840000000000003, "F1 Score": 25.330000000000002}, "Naive Bayes": {"Accuracy": 53.669999999999995, "Precision": 44.4, "Recall": 31.64, "F1 Score": 32.07}, "KNN": {"Accuracy": 50.0, "Precision": 35.089999999999996, "Recall": 27.99, "F1 Score": 27.900000000000002}, "Linear SVM": {"Accuracy": 46.79, "Precision": 9.36, "Recall": 20.0, "F1 Score": 12.75}, "Kernel SVM": {"Accuracy": 46.79, "Precision": 9.4, "Recall": 20.0, "F1 Score": 12.790000000000001}}