{"Logistic Regression": {"Accuracy": 59.56, "Precision": 27.029999999999998, "Recall": 23.080000000000002, "F1 Score": 22.650000000000002}, "Decision Tree": {"Accuracy": 55.879999999999995, "Precision": 39.08, "Recall": 30.42, "F1 Score": 32.06}, "Random Forest": {"Accuracy": 60.29, "Precision": 44.54, "Recall": 28.7, "F1 Score": 31.36}, "Naive Bayes": {"Accuracy": 61.760000000000005, "Precision": 40.949999999999996, "Recall": 32.09, "F1 Score": 34.07}, "KNN": {"Accuracy": 50.739999999999995, "Precision": 21.48, "Recall": 16.669999999999998, "F1 Score": 13.65}, "Linear SVM": {"Accuracy": 50.0, "Precision": 7.140000000000001, "Recall": 14.29, "F1 Score": 9.520000000000001}, "Kernel SVM": {"Accuracy": 50.0, "Precision": 7.140000000000001, "Recall": 14.29, "F1 Score": 9.520000000000001}}