{"Logistic Regression": {"Accuracy": 50.0, "Precision": 26.61, "Recall": 20.75, "F1 Score": 18.14}, "Decision Tree": {"Accuracy": 51.28, "Precision": 31.69, "Recall": 30.54, "F1 Score": 30.320000000000004}, "Random Forest": {"Accuracy": 48.08, "Precision": 46.660000000000004, "Recall": 23.5, "F1 Score": 24.3}, "Naive Bayes": {"Accuracy": 51.28, "Precision": 32.029999999999994, "Recall": 25.52, "F1 Score": 25.330000000000002}, "KNN": {"Accuracy": 43.59, "Precision": 6.2700000000000005, "Recall": 14.29, "F1 Score": 8.709999999999999}, "Linear SVM": {"Accuracy": 43.59, "Precision": 6.23, "Recall": 14.29, "F1 Score": 8.67}, "Kernel SVM": {"Accuracy": 43.59, "Precision": 6.2700000000000005, "Recall": 14.29, "F1 Score": 8.709999999999999}}