{"Logistic Regression": {"Accuracy": 52.559999999999995, "Precision": 36.22, "Recall": 25.64, "F1 Score": 25.009999999999998}, "Decision Tree": {"Accuracy": 51.28, "Precision": 35.86, "Recall": 31.900000000000002, "F1 Score": 31.72}, "Random Forest": {"Accuracy": 53.849999999999994, "Precision": 52.09, "Recall": 29.98, "F1 Score": 32.47}, "Naive Bayes": {"Accuracy": 53.849999999999994, "Precision": 29.82, "Recall": 28.46, "F1 Score": 27.1}, "KNN": {"Accuracy": 44.87, "Precision": 34.92, "Recall": 19.52, "F1 Score": 16.86}, "Linear SVM": {"Accuracy": 44.230000000000004, "Precision": 20.549999999999997, "Recall": 14.799999999999999, "F1 Score": 9.700000000000001}, "Kernel SVM": {"Accuracy": 49.36, "Precision": 40.71, "Recall": 20.07, "F1 Score": 18.39}}