{"Logistic Regression": {"Accuracy": 51.92, "Precision": 41.21, "Recall": 23.87, "F1 Score": 22.96}, "Decision Tree": {"Accuracy": 53.21, "Precision": 38.81, "Recall": 32.1, "F1 Score": 32.67}, "Random Forest": {"Accuracy": 51.92, "Precision": 51.42, "Recall": 26.889999999999997, "F1 Score": 28.38}, "Naive Bayes": {"Accuracy": 53.21, "Precision": 32.66, "Recall": 27.650000000000002, "F1 Score": 27.27}, "KNN": {"Accuracy": 44.230000000000004, "Precision": 20.59, "Recall": 19.05, "F1 Score": 15.89}, "Linear SVM": {"Accuracy": 43.59, "Precision": 6.23, "Recall": 14.29, "F1 Score": 8.67}, "Kernel SVM": {"Accuracy": 43.59, "Precision": 6.2700000000000005, "Recall": 14.29, "F1 Score": 8.709999999999999}}