{"Logistic Regression": {"Accuracy": 61.760000000000005, "Precision": 42.15, "Recall": 26.840000000000003, "F1 Score": 27.089999999999996}, "Decision Tree": {"Accuracy": 57.35, "Precision": 43.11, "Recall": 34.0, "F1 Score": 36.07}, "Random Forest": {"Accuracy": 61.029999999999994, "Precision": 55.00000000000001, "Recall": 31.59, "F1 Score": 34.43}, "Naive Bayes": {"Accuracy": 60.29, "Precision": 32.84, "Recall": 30.31, "F1 Score": 30.61}, "KNN": {"Accuracy": 50.739999999999995, "Precision": 21.48, "Recall": 16.669999999999998, "F1 Score": 13.65}, "Linear SVM": {"Accuracy": 51.470000000000006, "Precision": 21.54, "Recall": 15.15, "F1 Score": 11.25}, "Kernel SVM": {"Accuracy": 55.879999999999995, "Precision": 31.59, "Recall": 18.73, "F1 Score": 17.299999999999997}}