{"Logistic Regression": {"Accuracy": 57.35, "Precision": 16.66, "Recall": 19.28, "F1 Score": 17.01}, "Decision Tree": {"Accuracy": 56.620000000000005, "Precision": 42.059999999999995, "Recall": 31.47, "F1 Score": 34.12}, "Random Forest": {"Accuracy": 59.56, "Precision": 58.45, "Recall": 27.87, "F1 Score": 31.16}, "Naive Bayes": {"Accuracy": 61.760000000000005, "Precision": 47.19, "Recall": 30.89, "F1 Score": 33.53}, "KNN": {"Accuracy": 50.0, "Precision": 7.140000000000001, "Recall": 14.29, "F1 Score": 9.520000000000001}, "Linear SVM": {"Accuracy": 50.0, "Precision": 7.140000000000001, "Recall": 14.29, "F1 Score": 9.520000000000001}, "Kernel SVM": {"Accuracy": 50.0, "Precision": 7.140000000000001, "Recall": 14.29, "F1 Score": 9.520000000000001}}