{"Logistic Regression": {"Accuracy": 45.190000000000005, "Precision": 45.190000000000005, "Recall": 45.190000000000005, "F1 Score": 45.190000000000005}, "Decision Tree": {"Accuracy": 45.190000000000005, "Precision": 45.190000000000005, "Recall": 45.190000000000005, "F1 Score": 45.190000000000005}, "Random Forest": {"Accuracy": 43.7, "Precision": 43.7, "Recall": 43.7, "F1 Score": 43.7}, "Naive Bayes": {"Accuracy": 48.15, "Precision": 48.15, "Recall": 48.15, "F1 Score": 48.15}, "KNN": {"Accuracy": 45.93, "Precision": 45.93, "Recall": 45.93, "F1 Score": 45.93}, "Linear SVM": {"Accuracy": 36.3, "Precision": 36.3, "Recall": 36.3, "F1 Score": 36.3}, "Kernel SVM": {"Accuracy": 36.3, "Precision": 36.3, "Recall": 36.3, "F1 Score": 36.3}}