{"Logistic Regression": {"Accuracy": 49.08, "Precision": 20.419999999999998, "Recall": 22.55, "F1 Score": 17.83}, "Decision Tree": {"Accuracy": 48.620000000000005, "Precision": 37.65, "Recall": 33.45, "F1 Score": 34.599999999999994}, "Random Forest": {"Accuracy": 52.290000000000006, "Precision": 63.849999999999994, "Recall": 25.929999999999996, "F1 Score": 23.7}, "Naive Bayes": {"Accuracy": 52.290000000000006, "Precision": 44.690000000000005, "Recall": 29.37, "F1 Score": 28.810000000000002}, "KNN": {"Accuracy": 50.46000000000001, "Precision": 35.75, "Recall": 28.18, "F1 Score": 28.13}, "Linear SVM": {"Accuracy": 46.79, "Precision": 9.36, "Recall": 20.0, "F1 Score": 12.75}, "Kernel SVM": {"Accuracy": 46.79, "Precision": 9.4, "Recall": 20.0, "F1 Score": 12.790000000000001}}