{"Logistic Regression": {"Accuracy": 38.379999999999995, "Precision": 38.379999999999995, "Recall": 38.379999999999995, "F1 Score": 38.379999999999995}, "Decision Tree": {"Accuracy": 29.29, "Precision": 29.29, "Recall": 29.29, "F1 Score": 29.29}, "Random Forest": {"Accuracy": 34.339999999999996, "Precision": 34.339999999999996, "Recall": 34.339999999999996, "F1 Score": 34.339999999999996}, "Naive Bayes": {"Accuracy": 50.51, "Precision": 50.51, "Recall": 50.51, "F1 Score": 50.51}, "KNN": {"Accuracy": 40.400000000000006, "Precision": 40.400000000000006, "Recall": 40.400000000000006, "F1 Score": 40.400000000000006}, "Linear SVM": {"Accuracy": 31.31, "Precision": 31.31, "Recall": 31.31, "F1 Score": 31.31}, "Kernel SVM": {"Accuracy": 31.31, "Precision": 31.31, "Recall": 31.31, "F1 Score": 31.31}}