{"Logistic Regression": {"Accuracy": 51.849999999999994, "Precision": 25.75, "Recall": 26.0, "F1 Score": 22.37}, "Decision Tree": {"Accuracy": 46.67, "Precision": 30.049999999999997, "Recall": 30.48, "F1 Score": 30.020000000000003}, "Random Forest": {"Accuracy": 47.410000000000004, "Precision": 33.61, "Recall": 25.319999999999997, "F1 Score": 23.07}, "Naive Bayes": {"Accuracy": 57.78, "Precision": 41.52, "Recall": 36.67, "F1 Score": 37.04}, "KNN": {"Accuracy": 53.33, "Precision": 32.35, "Recall": 31.65, "F1 Score": 30.599999999999998}, "Linear SVM": {"Accuracy": 44.440000000000005, "Precision": 8.89, "Recall": 20.0, "F1 Score": 12.31}, "Kernel SVM": {"Accuracy": 44.440000000000005, "Precision": 8.89, "Recall": 20.0, "F1 Score": 12.31}}