{"Logistic Regression": {"Accuracy": 53.33, "Precision": 36.809999999999995, "Recall": 31.1, "F1 Score": 29.89}, "Decision Tree": {"Accuracy": 46.67, "Precision": 33.54, "Recall": 32.54, "F1 Score": 32.800000000000004}, "Random Forest": {"Accuracy": 52.59, "Precision": 54.04, "Recall": 31.509999999999998, "F1 Score": 31.94}, "Naive Bayes": {"Accuracy": 56.3, "Precision": 43.480000000000004, "Recall": 37.62, "F1 Score": 38.940000000000005}, "KNN": {"Accuracy": 55.559999999999995, "Precision": 37.31, "Recall": 33.589999999999996, "F1 Score": 33.660000000000004}, "Linear SVM": {"Accuracy": 44.440000000000005, "Precision": 8.89, "Recall": 20.0, "F1 Score": 12.31}, "Kernel SVM": {"Accuracy": 46.67, "Precision": 49.09, "Recall": 22.16, "F1 Score": 16.61}}