{"Logistic Regression": {"Accuracy": 41.410000000000004, "Precision": 41.410000000000004, "Recall": 41.410000000000004, "F1 Score": 41.410000000000004}, "Decision Tree": {"Accuracy": 41.410000000000004, "Precision": 41.410000000000004, "Recall": 41.410000000000004, "F1 Score": 41.410000000000004}, "Random Forest": {"Accuracy": 38.379999999999995, "Precision": 38.379999999999995, "Recall": 38.379999999999995, "F1 Score": 38.379999999999995}, "Naive Bayes": {"Accuracy": 47.47, "Precision": 47.47, "Recall": 47.47, "F1 Score": 47.47}, "KNN": {"Accuracy": 33.33, "Precision": 33.33, "Recall": 33.33, "F1 Score": 33.33}, "Linear SVM": {"Accuracy": 31.31, "Precision": 31.31, "Recall": 31.31, "F1 Score": 31.31}, "Kernel SVM": {"Accuracy": 31.31, "Precision": 31.31, "Recall": 31.31, "F1 Score": 31.31}}