{"Logistic Regression": {"Accuracy": 50.46000000000001, "Precision": 42.75, "Recall": 26.39, "F1 Score": 24.47}, "Decision Tree": {"Accuracy": 46.33, "Precision": 31.990000000000002, "Recall": 28.749999999999996, "F1 Score": 29.220000000000002}, "Random Forest": {"Accuracy": 50.46000000000001, "Precision": 42.449999999999996, "Recall": 26.57, "F1 Score": 25.679999999999996}, "Naive Bayes": {"Accuracy": 51.38, "Precision": 36.15, "Recall": 30.79, "F1 Score": 30.819999999999997}, "KNN": {"Accuracy": 49.54, "Precision": 36.919999999999995, "Recall": 27.650000000000002, "F1 Score": 27.900000000000002}, "Linear SVM": {"Accuracy": 47.25, "Precision": 29.4, "Recall": 20.39, "F1 Score": 13.56}, "Kernel SVM": {"Accuracy": 48.17, "Precision": 22.86, "Recall": 21.37, "F1 Score": 15.67}}