{"Logistic Regression": {"Accuracy": 48.89, "Precision": 48.89, "Recall": 48.89, "F1 Score": 48.89}, "Decision Tree": {"Accuracy": 46.67, "Precision": 46.67, "Recall": 46.67, "F1 Score": 46.67}, "Random Forest": {"Accuracy": 50.370000000000005, "Precision": 50.370000000000005, "Recall": 50.370000000000005, "F1 Score": 50.370000000000005}, "Naive Bayes": {"Accuracy": 49.63, "Precision": 49.63, "Recall": 49.63, "F1 Score": 49.63}, "KNN": {"Accuracy": 48.89, "Precision": 48.89, "Recall": 48.89, "F1 Score": 48.89}, "Linear SVM": {"Accuracy": 36.3, "Precision": 36.3, "Recall": 36.3, "F1 Score": 36.3}, "Kernel SVM": {"Accuracy": 40.739999999999995, "Precision": 40.739999999999995, "Recall": 40.739999999999995, "F1 Score": 40.739999999999995}}